GAME_ID,TEAM,WINNING_TEAM,SHOTS_MADE_BY_WINNING_TEAM,WINNIG_TEAM_TOTAL_SHOTS,SHOOTING_PERCENTAGE_BY_WINNING_TEAM
21400007,MIA vs WAS,MIA,67,145,46.206896551724135
21400102,LAC vs SAS,LAC,66,156,42.30769230769231
21400149,BKN vs MIA,BKN,57,135,42.22222222222222
21400520,MIL vs PHX,MIL,71,157,45.22292993630573
21400878,LAL vs OKC,LAL,68,148,45.94594594594595
21400225,ATL vs NOP,ATL,70,144,48.61111111111111
21400260,PHX vs IND,PHX,77,158,48.734177215189874
21400025,SAC vs POR,SAC,61,147,41.49659863945578
21400391,DEN vs LAC,DEN,76,162,46.913580246913575
21400490,MIL vs IND,MIL,72,164,43.90243902439025
21400033,DET vs BKN,DET,68,147,46.25850340136054
21400402,SAC vs LAL,SAC,71,164,43.292682926829265
21400651,GSW vs SAC,GSW,69,144,47.91666666666667
21400158,SAC vs NOP,SAC,69,146,47.26027397260274
21400470,DAL vs WAS,DAL,64,129,49.6124031007752
21400173,PHI vs PHX,PHI,54,110,49.09090909090909
21400807,NYK vs MIA,NYK,48,102,47.05882352941176
21400062,MIL vs CHI,MIL,53,130,40.76923076923077
21400088,MIL vs MEM,MIL,51,124,41.12903225806452
21400458,LAL vs PHX,LAL,82,163,50.306748466257666
21400057,CHA vs MIA,CHA,60,146,41.0958904109589
21400903,NOP vs DET,NOP,58,141,41.13475177304964
21400155,ATL vs LAL,ATL,86,166,51.80722891566265
21400126,NYK vs UTA,NYK,63,125,50.4
21400516,UTA vs IND,UTA,69,144,47.91666666666667
21400238,CLE vs IND,CLE,68,143,47.55244755244755
21400778,MIL vs BKN,MIL,71,154,46.103896103896105
21400175,TOR vs MIL,TOR,45,97,46.391752577319586
21400160,IND vs CHA,IND,67,151,44.370860927152314
21400586,LAL vs CLE,LAL,66,131,50.38167938931297
21400261,SAC vs TOR,SAC,79,158,50.0
21400397,DAL vs SAS,DAL,59,136,43.38235294117647
21400869,POR vs OKC,POR,66,146,45.20547945205479
21400546,SAC vs DEN,SAC,84,163,51.533742331288344
21400835,PHX vs BOS,PHX,63,145,43.44827586206896
21400189,MIN vs SAC,MIN,72,160,45.0
21400406,WAS vs PHX,WAS,72,156,46.15384615384615
21400613,ATL vs DET,ATL,60,150,40.0
21400376,POR vs MIL,POR,63,141,44.680851063829785
21400190,MIL vs WAS,MIL,67,149,44.966442953020135
21400840,OKC vs IND,OKC,64,143,44.75524475524475
21400901,HOU vs MEM,HOU,64,130,49.23076923076923
21400670,MEM vs ORL,MEM,63,138,45.65217391304348
21400465,ORL vs DET,ORL,54,129,41.86046511627907
21400584,HOU vs OKC,HOU,54,120,45.0
21400060,BKN vs MIN,BKN,55,126,43.65079365079365
21400084,ATL vs NYK,ATL,58,137,42.33576642335766
21400198,CHA vs LAC,CHA,74,158,46.835443037974684
21400623,MIA vs OKC,MIA,55,116,47.41379310344828
21400383,ORL vs UTA,ORL,69,140,49.28571428571429
21400473,POR vs TOR,POR,76,182,41.75824175824176
21400398,DEN vs IND,DEN,57,170,33.52941176470588
21400211,CLE vs WAS,CLE,59,118,50.0
21400481,SAS vs NOP,SAS,62,151,41.05960264900662
21400439,DAL vs LAL,DAL,66,160,41.25
21400210,CHA vs POR,CHA,71,167,42.51497005988024
21400306,SAC vs UTA,SAC,60,135,44.44444444444444
21400627,PHI vs NYK,PHI,54,137,39.416058394160586
21400099,IND vs UTA,IND,56,134,41.7910447761194
21400368,SAC vs OKC,SAC,60,137,43.79562043795621
21400373,MIA vs UTA,MIA,55,122,45.08196721311475
21400880,BOS vs GSW,BOS,74,176,42.04545454545455
21400166,TOR vs MEM,TOR,53,123,43.08943089430895
21400543,WAS vs CHI,WAS,71,166,42.77108433734939
21400647,MIN vs NOP,MIN,58,133,43.609022556390975
21400499,SAS vs WAS,SAS,69,141,48.93617021276596
21400492,UTA vs ATL,UTA,60,153,39.21568627450981
21400192,UTA vs NOP,UTA,64,131,48.854961832061065
21400839,DET vs CLE,DET,56,118,47.45762711864407
21400034,HOU vs BOS,HOU,49,131,37.404580152671755
21400834,DEN vs BKN,DEN,53,119,44.537815126050425
21400249,PHI vs SAS,PHI,62,140,44.285714285714285
21400846,HOU vs LAC,HOU,59,132,44.696969696969695
21400753,HOU vs MIL,HOU,67,136,49.26470588235294
21400504,DET vs SAC,DET,69,149,46.308724832214764
21400691,PHX vs WAS,PHX,69,163,42.331288343558285
21400027,NOP vs DAL,NOP,74,152,48.68421052631579
21400697,ATL vs POR,ATL,74,160,46.25
21400636,GSW vs HOU,GSW,71,150,47.333333333333336
21400347,SAC vs DET,SAC,54,142,38.028169014084504
21400734,TOR vs BKN,TOR,66,139,47.482014388489205
21400522,CHA vs NOP,CHA,68,151,45.033112582781456
21400480,OKC vs PHX,OKC,64,150,42.66666666666667
21400766,CLE vs LAL,CLE,69,136,50.73529411764706
21400794,NOP vs IND,NOP,51,101,50.495049504950494
21400873,MIN vs MEM,MIN,60,107,56.074766355140184
21400622,PHX vs LAL,PHX,70,143,48.95104895104895
21400815,LAL vs BKN,LAL,68,148,45.94594594594595
21400182,GSW vs UTA,GSW,66,135,48.888888888888886
21400827,DAL vs CHA,DAL,65,158,41.139240506329116
21400148,BOS vs PHX,BOS,81,158,51.26582278481012
21400461,BKN vs SAC,BKN,72,149,48.322147651006716
21400206,MIA vs GSW,MIA,75,157,47.77070063694268
21400687,NOP vs DEN,NOP,63,138,45.65217391304348
21400630,MEM vs TOR,MEM,56,143,39.16083916083916
21400579,CHI vs WAS,CHI,73,154,47.4025974025974
21400400,TOR vs NYK,TOR,81,163,49.693251533742334
21400580,BOS vs ATL,BOS,56,130,43.07692307692308
21400495,ORL vs CHA,ORL,66,157,42.038216560509554
21400639,POR vs BOS,POR,58,143,40.55944055944056
21400748,ORL vs LAL,ORL,66,139,47.482014388489205
21400776,WAS vs ORL,WAS,54,130,41.53846153846154
21400507,PHX vs TOR,PHX,78,153,50.98039215686274
21400601,DET vs PHI,DET,61,139,43.884892086330936
21400871,MIA vs ATL,MIA,44,98,44.89795918367347
21400619,MIL vs TOR,MIL,62,142,43.66197183098591
21400645,NYK vs ORL,NYK,71,149,47.651006711409394
21400170,MIA vs LAC,MIA,66,125,52.800000000000004
21400229,OKC vs NYK,OKC,54,119,45.378151260504204
21400236,WAS vs NOP,WAS,59,141,41.843971631205676
21400341,CHA vs BKN,CHA,63,129,48.837209302325576
21400511,BKN vs DAL,BKN,66,157,42.038216560509554
21400268,HOU vs MEM,HOU,63,123,51.21951219512195
21400282,MEM vs SAS,MEM,69,153,45.09803921568628
21400724,DAL vs MIN,DAL,56,126,44.44444444444444
21400318,ORL vs WAS,ORL,74,157,47.13375796178344
21400699,BKN vs TOR,BKN,85,173,49.13294797687861
21400201,TOR vs PHX,TOR,65,139,46.76258992805755
21400684,TOR vs SAC,TOR,72,143,50.349650349650354
21400074,BOS vs IND,BOS,69,148,46.62162162162162
21400202,HOU vs NYK,HOU,52,116,44.827586206896555
21400517,POR vs LAL,POR,63,156,40.38461538461539
21400438,OKC vs CHA,OKC,53,144,36.80555555555556
21400180,DAL vs LAL,DAL,80,142,56.33802816901409
21400530,DEN vs ORL,DEN,62,148,41.891891891891895
21400218,MIN vs MIL,MIN,46,114,40.35087719298245
21400640,LAC vs BKN,LAC,63,124,50.806451612903224
21400233,POR vs MEM,POR,74,162,45.67901234567901
21400513,MEM vs NYK,MEM,62,123,50.40650406504065
21400337,PHX vs DET,PHX,64,133,48.1203007518797
21400080,UTA vs DAL,UTA,54,120,45.0
21400581,DEN vs DAL,DEN,72,159,45.28301886792453
21400485,ORL vs BKN,ORL,74,148,50.0
21400750,BOS vs PHI,BOS,67,146,45.89041095890411
21400217,HOU vs SAC,HOU,60,140,42.857142857142854
21400239,UTA vs LAC,UTA,75,142,52.816901408450704
21400890,CHA vs LAL,CHA,67,139,48.201438848920866
21400123,ORL vs MIL,ORL,57,127,44.881889763779526
21400009,MEM vs MIN,MEM,72,138,52.17391304347826
21400808,MIN vs PHX,MIN,57,112,50.89285714285714
21400371,BOS vs ORL,BOS,70,141,49.645390070921984
21400796,CLE vs MIA,CLE,59,124,47.58064516129033
21400424,OKC vs POR,OKC,81,174,46.55172413793103
21400219,OKC vs UTA,OKC,63,134,47.01492537313433
21400179,WAS vs CLE,WAS,63,142,44.36619718309859
21400906,SAS vs SAC,SAS,68,148,45.94594594594595
21400103,TOR vs ORL,TOR,65,133,48.87218045112782
21400466,ATL vs CLE,ATL,69,138,50.0
21400036,OKC vs DEN,OKC,53,111,47.74774774774775
21400454,SAS vs HOU,SAS,62,126,49.2063492063492
21400809,WAS vs CLE,WAS,64,136,47.05882352941176
21400591,BOS vs CHI,BOS,82,162,50.617283950617285
21400503,CLE vs DAL,CLE,68,131,51.908396946564885
21400309,DET vs POR,DET,67,151,44.370860927152314
21400773,SAC vs PHX,SAC,59,153,38.56209150326798
21400606,DEN vs MIN,DEN,73,158,46.20253164556962
21400814,GSW vs SAS,GSW,66,140,47.14285714285714
21400046,DAL vs BOS,DAL,82,164,50.0
21400781,DAL vs LAC,DAL,71,158,44.936708860759495
21400360,PHX vs MIL,PHX,59,133,44.3609022556391
21400270,MIN vs PHI,MIN,59,154,38.311688311688314
21400116,PHX vs BKN,PHX,70,146,47.94520547945205
21400207,MIL vs DET,MIL,53,121,43.80165289256198
21400803,ORL vs NOP,ORL,55,125,44.0
21400738,NOP vs OKC,NOP,69,145,47.58620689655172
21400235,PHI vs DAL,PHI,68,156,43.58974358974359
21400404,MIA vs BOS,MIA,64,140,45.714285714285715
21400844,BOS vs NYK,BOS,45,99,45.45454545454545
21400900,TOR vs CLE,TOR,62,114,54.385964912280706
21400845,CHI vs CHA,CHI,73,158,46.20253164556962
21400498,MIN vs UTA,MIN,64,138,46.3768115942029
21400291,SAS vs MIN,SAS,73,141,51.77304964539007
21400245,NYK vs MIA,NYK,55,132,41.66666666666667
21400050,MIA vs HOU,MIA,60,129,46.51162790697674
21400016,ORL vs WAS,ORL,69,135,51.11111111111111
21400002,SAS vs DAL,SAS,68,137,49.63503649635037
21400185,ORL vs MIA,ORL,66,128,51.5625
21400859,BOS vs CHA,BOS,71,162,43.82716049382716
21400001,NOP vs ORL,NOP,65,162,40.123456790123456
21400790,DET vs SAS,DET,59,136,43.38235294117647
21400746,BKN vs NYK,BKN,55,130,42.30769230769231
21400151,MEM vs HOU,MEM,64,126,50.79365079365079
21400295,ATL vs DEN,ATL,67,168,39.88095238095239
21400089,SAS vs NOP,SAS,68,142,47.88732394366197
21400870,WAS vs DET,WAS,52,115,45.21739130434783
21400156,MIL vs NYK,MIL,60,112,53.57142857142857
21400366,NOP vs UTA,NOP,77,135,57.03703703703704
21400194,BOS vs POR,BOS,62,160,38.75
21400284,DAL vs PHX,DAL,76,151,50.331125827814574
21400739,SAS vs ORL,SAS,78,151,51.65562913907284
21400509,PHI vs CLE,PHI,56,126,44.44444444444444
21400711,MIN vs CLE,MIN,59,119,49.57983193277311
21400505,MIA vs BKN,MIA,58,135,42.96296296296296
21400283,MIN vs HOU,MIN,72,146,49.31506849315068
21400138,POR vs BKN,POR,54,139,38.84892086330935
21400370,CLE vs ATL,CLE,64,118,54.23728813559322
21400719,WAS vs CHA,WAS,70,160,43.75
21400150,DET vs ORL,DET,63,135,46.666666666666664
21400422,MIA vs PHI,MIA,64,148,43.24324324324324
21400312,OKC vs MIL,OKC,55,125,44.0
21400227,TOR vs DAL,TOR,75,161,46.58385093167702
21400851,UTA vs LAL,UTA,54,124,43.54838709677419
21400569,WAS vs SAS,WAS,61,145,42.06896551724138
21400026,LAL vs LAC,LAL,75,147,51.02040816326531
21400604,MEM vs POR,MEM,72,159,45.28301886792453
21400152,SAS vs PHI,SAS,51,120,42.5
21400862,CHI vs MIN,CHI,40,106,37.735849056603776
21400224,CHA vs GSW,CHA,75,168,44.642857142857146
21400791,TOR vs WAS,TOR,59,131,45.038167938931295
21400477,LAC vs NYK,LAC,60,142,42.25352112676056
21400583,POR vs LAC,POR,68,168,40.476190476190474
21400384,PHI vs CHA,PHI,69,152,45.39473684210527
21400661,ATL vs MIN,ATL,77,140,55.00000000000001
21400460,IND vs CHI,IND,58,147,39.455782312925166
21400702,MIA vs DAL,MIA,52,143,36.36363636363637
21400596,PHX vs MIN,PHX,80,165,48.484848484848484
21400328,CHI vs POR,CHI,80,158,50.63291139240506
21400430,CHI vs LAL,CHI,74,166,44.57831325301205
21400232,DEN vs PHX,DEN,55,130,42.30769230769231
21400825,ORL vs PHI,ORL,55,113,48.67256637168141
21400694,IND vs NYK,IND,52,111,46.846846846846844
21400018,CLE vs NYK,CLE,51,106,48.113207547169814
21400446,MIA vs MEM,MIA,60,123,48.78048780487805
21400035,MIN vs CHI,MIN,47,99,47.474747474747474
21400769,DET vs MIN,DET,50,97,51.546391752577314
21400127,HOU vs PHI,HOU,47,108,43.51851851851852
21400174,ATL vs DET,ATL,61,141,43.262411347517734
21400749,ATL vs GSW,ATL,83,176,47.159090909090914
21400281,TOR vs CLE,TOR,67,151,44.370860927152314
21400491,PHX vs PHI,PHX,62,137,45.25547445255474
21400858,ATL vs ORL,ATL,63,140,45.0
21400698,BOS vs HOU,BOS,47,133,35.338345864661655
21400523,CLE vs HOU,CLE,59,139,42.44604316546763
21400435,DET vs IND,DET,78,146,53.42465753424658
21400346,HOU vs DEN,HOU,72,167,43.11377245508982
21400787,LAL vs DEN,LAL,69,136,50.73529411764706
21400683,ATL vs BKN,ATL,75,156,48.07692307692308
21400767,MEM vs ATL,MEM,69,168,41.07142857142857
21400882,ORL vs CHA,ORL,60,133,45.11278195488722
21400726,PHI vs DEN,PHI,55,133,41.35338345864661
21400476,IND vs MIA,IND,57,127,44.881889763779526
21400828,POR vs MEM,POR,63,141,44.680851063829785
21400427,NYK vs WAS,NYK,79,163,48.466257668711656
21400638,MIL vs UTA,MIL,62,138,44.927536231884055
21400145,LAL vs GSW,LAL,78,167,46.706586826347305
21400068,GSW vs LAC,GSW,74,144,51.388888888888886
21400792,MIL vs SAC,MIL,70,155,45.16129032258064
21400349,MIA vs CHI,MIA,46,122,37.704918032786885
21400510,BOS vs CHA,BOS,58,137,42.33576642335766
21400293,LAC vs NOP,LAC,76,137,55.47445255474452
21400250,WAS vs MIA,WAS,65,128,50.78125
21400692,ORL vs MIL,ORL,70,147,47.61904761904761
21400428,SAS vs OKC,SAS,72,143,50.349650349650354
21400303,BKN vs CLE,BKN,54,124,43.54838709677419
21400800,CHI vs CLE,CHI,70,146,47.94520547945205
21400163,WAS vs DAL,WAS,62,145,42.758620689655174
21400628,ATL vs IND,ATL,66,147,44.89795918367347
21400022,CHI vs CLE,CHI,70,163,42.944785276073624
21400874,DAL vs BKN,DAL,68,143,47.55244755244755
21400774,IND vs SAS,IND,60,146,41.0958904109589
21400327,SAC vs HOU,SAC,69,162,42.592592592592595
21400015,POR vs OKC,POR,58,125,46.400000000000006
21400752,TOR vs LAC,TOR,66,123,53.65853658536586
21400329,WAS vs LAC,WAS,70,153,45.751633986928105
21400377,LAC vs IND,LAC,74,167,44.31137724550898
21400616,MEM vs DAL,MEM,66,148,44.5945945945946
21400588,ORL vs MEM,ORL,71,151,47.019867549668874
21400299,NYK vs POR,NYK,57,126,45.23809523809524
21400255,DET vs LAL,DET,62,143,43.35664335664335
21400758,NOP vs CHI,NOP,63,138,45.65217391304348
21400153,POR vs NOP,POR,67,142,47.183098591549296
21400731,IND vs DET,IND,64,122,52.459016393442624
21400712,MIL vs POR,MIL,59,147,40.136054421768705
21400605,BKN vs WAS,BKN,76,157,48.40764331210191
21400401,CLE vs MEM,CLE,61,118,51.69491525423729
21400784,PHX vs HOU,PHX,70,147,47.61904761904761
21400308,CLE vs TOR,CLE,67,136,49.26470588235294
21400893,CHI vs WAS,CHI,64,147,43.53741496598639
21400098,CLE vs NOP,CLE,68,146,46.57534246575342
21400292,SAC vs ORL,SAC,71,147,48.29931972789115
21400864,MEM vs LAC,MEM,68,153,44.44444444444444
21400228,HOU vs LAC,HOU,54,128,42.1875
21400771,HOU vs POR,HOU,49,111,44.14414414414414
21400052,TOR vs OKC,TOR,48,107,44.85981308411215
21400721,TOR vs MIL,TOR,50,128,39.0625
21400576,BKN vs MEM,BKN,67,143,46.85314685314685
21400801,OKC vs DAL,OKC,58,142,40.845070422535215
21400467,CHI vs BKN,CHI,59,141,41.843971631205676
21400610,SAS vs UTA,SAS,46,129,35.65891472868217
21400204,UTA vs CHI,UTA,74,143,51.74825174825175
21400048,LAC vs UTA,LAC,67,133,50.37593984962406
21400506,NYK vs MIL,NYK,49,115,42.608695652173914
21400044,BKN vs OKC,BKN,60,125,48.0
21400215,ATL vs TOR,ATL,74,138,53.62318840579711
21400140,GSW vs CHA,GSW,69,150,46.0
21400680,LAL vs WAS,LAL,66,140,47.14285714285714
21400902,MIN vs DEN,MIN,45,97,46.391752577319586
21400085,MIA vs MIN,MIA,65,137,47.44525547445255
21400822,MIL vs ATL,MIL,61,147,41.49659863945578
21400592,TOR vs ATL,TOR,64,127,50.39370078740157
21400760,NYK vs GSW,NYK,58,127,45.66929133858268
21400415,GSW vs SAC,GSW,73,146,50.0
21400548,LAL vs ORL,LAL,51,133,38.34586466165413
21400357,PHI vs BOS,PHI,65,159,40.88050314465409
21400727,DET vs MIA,DET,59,118,50.0
21400847,MIL vs PHI,MIL,50,104,48.07692307692308
21400707,WAS vs TOR,WAS,76,151,50.331125827814574
21400849,NOP vs BKN,NOP,63,133,47.368421052631575
21400077,TOR vs WAS,TOR,55,144,38.19444444444444
21400841,DAL vs TOR,DAL,66,134,49.25373134328358
21400336,NOP vs CLE,NOP,77,148,52.02702702702703
21400577,DET vs NOP,DET,54,116,46.55172413793103
21400220,SAS vs IND,SAS,73,149,48.99328859060403
21400451,SAC vs NYK,SAC,91,175,52.0
21400064,SAS vs ATL,SAS,67,154,43.506493506493506
21400413,DAL vs ATL,DAL,72,150,48.0
21400660,NOP vs DAL,NOP,61,127,48.031496062992126
21400602,CHI vs ATL,CHI,71,153,46.40522875816993
21400053,CHI vs ORL,CHI,65,146,44.52054794520548
21400686,MIN vs BOS,MIN,57,116,49.137931034482754
21400838,WAS vs GSW,WAS,85,161,52.79503105590062
21400081,DEN vs CLE,DEN,54,123,43.90243902439025
21400614,LAC vs BOS,LAC,69,157,43.94904458598726
21400452,GSW vs MIN,GSW,62,135,45.925925925925924
21400041,NYK vs CHA,NYK,64,128,50.0
21400339,SAS vs LAL,SAS,82,179,45.81005586592179
21400895,DEN vs MIL,DEN,55,127,43.30708661417323
21400425,PHX vs DAL,PHX,78,167,46.706586826347305
21400111,BOS vs OKC,BOS,64,138,46.3768115942029
21400615,GSW vs DEN,GSW,54,118,45.76271186440678
21400388,MIA vs WAS,MIA,75,145,51.724137931034484
21400066,UTA vs CLE,UTA,59,121,48.760330578512395
21400172,CHA vs ORL,CHA,76,165,46.06060606060606
21400350,WAS vs UTA,WAS,64,143,44.75524475524475
21400382,GSW vs OKC,GSW,75,155,48.38709677419355
21400390,SAS vs POR,SAS,76,187,40.64171122994652
21400524,PHI vs MIL,PHI,56,125,44.800000000000004
21400732,ATL vs WAS,ATL,71,156,45.51282051282051
21400065,PHX vs MEM,PHX,68,135,50.37037037037037
21400082,LAC vs POR,LAC,69,148,46.62162162162162
21400131,LAL vs SAS,LAL,54,135,40.0
21400888,MIN vs LAC,MIN,62,135,45.925925925925924
21400410,CHI vs TOR,CHI,82,168,48.80952380952381
21400896,IND vs NYK,IND,34,83,40.963855421686745
21400200,PHI vs POR,PHI,63,128,49.21875
21400742,CHA vs WAS,CHA,66,155,42.58064516129032
21400528,CHI vs UTA,CHI,59,151,39.0728476821192
21400789,BOS vs ATL,BOS,58,152,38.15789473684211
21400603,HOU vs GSW,HOU,66,139,47.482014388489205
21400649,DEN vs BOS,DEN,59,130,45.38461538461539
21400468,MEM vs SAS,MEM,55,119,46.21848739495798
21400648,SAS vs LAL,SAS,60,144,41.66666666666667
21400423,MIL vs CHA,MIL,65,136,47.794117647058826
21400031,WAS vs MIL,WAS,61,116,52.58620689655172
21400757,SAS vs MIA,SAS,63,136,46.32352941176471
21400090,BKN vs ORL,BKN,70,141,49.645390070921984
21400537,POR vs MIA,POR,56,143,39.16083916083916
21400056,LAL vs PHX,LAL,74,170,43.529411764705884
21400078,OKC vs MEM,OKC,65,142,45.774647887323944
21400264,WAS vs LAL,WAS,78,176,44.31818181818182
21400852,SAC vs MEM,SAC,69,156,44.230769230769226
21400330,ATL vs ORL,ATL,59,143,41.25874125874126
21400735,HOU vs CHI,HOU,62,153,40.52287581699346
21400575,ORL vs HOU,ORL,78,131,59.541984732824424
21400728,NYK vs BOS,NYK,65,121,53.71900826446281
21400861,TOR vs GSW,TOR,60,124,48.38709677419355
21400316,CHA vs BOS,CHA,66,159,41.509433962264154
21400450,UTA vs PHI,UTA,45,131,34.35114503816794
21400703,UTA vs GSW,UTA,72,163,44.171779141104295
21400539,BKN vs PHI,BKN,62,133,46.616541353383454
21400271,UTA vs TOR,UTA,84,156,53.84615384615385
21400561,SAC vs CLE,SAC,71,149,47.651006711409394
21400310,MEM vs DAL,MEM,62,144,43.05555555555556
21400386,CLE vs BKN,CLE,59,127,46.45669291338583
21400621,POR vs SAC,POR,57,140,40.714285714285715
21400411,HOU vs POR,HOU,60,124,48.38709677419355
21400898,BOS vs UTA,BOS,52,132,39.39393939393939
21400747,IND vs CLE,IND,65,142,45.774647887323944
21400682,PHI vs DET,PHI,55,125,44.0
21400095,PHX vs GSW,PHX,61,138,44.20289855072464
21400664,TOR vs DET,TOR,70,133,52.63157894736842
21400294,BOS vs WAS,BOS,65,164,39.63414634146341
21400112,MIA vs IND,MIA,53,131,40.458015267175576
21400590,WAS vs BKN,WAS,66,147,44.89795918367347
21400872,NYK vs TOR,NYK,44,93,47.31182795698925
21400883,HOU vs CLE,HOU,55,122,45.08196721311475
21400681,CLE vs POR,CLE,55,137,40.14598540145985
21400709,DET vs HOU,DET,68,129,52.71317829457365
21400355,CLE vs CHA,CLE,69,144,47.91666666666667
21400234,LAL vs MIN,LAL,87,158,55.06329113924051
21400812,UTA vs POR,UTA,55,130,42.30769230769231
21400395,CHA vs UTA,CHA,69,143,48.25174825174825
21400612,WAS vs PHI,WAS,69,151,45.6953642384106
21400159,CLE vs SAS,CLE,58,131,44.274809160305345
21400010,NYK vs CHI,NYK,55,117,47.008547008547005
21400247,POR vs MIN,POR,70,153,45.751633986928105
21400334,MEM vs CHA,MEM,76,172,44.18604651162791
21400540,DET vs ATL,DET,70,155,45.16129032258064
21400786,MEM vs BKN,MEM,71,159,44.65408805031446
21400759,WAS vs BKN,WAS,60,140,42.857142857142854
21400797,DAL vs UTA,DAL,42,125,33.6
21400525,WAS vs NYK,WAS,66,141,46.808510638297875
21400617,HOU vs IND,HOU,64,131,48.854961832061065
21400860,DET vs NYK,DET,49,114,42.98245614035088
21400710,MEM vs OKC,MEM,51,135,37.77777777777778
21400297,DET vs OKC,DET,58,127,45.66929133858268
21400379,CHI vs NYK,CHI,68,146,46.57534246575342
21400045,MEM vs NOP,MEM,45,126,35.714285714285715
21400625,CHA vs MIA,CHA,55,161,34.161490683229815
21400004,CHA vs MIL,CHA,69,161,42.857142857142854
21400665,GSW vs BOS,GSW,69,153,45.09803921568628
21400850,DEN vs PHX,DEN,45,112,40.17857142857143
21400141,LAC vs PHX,LAC,69,156,44.230769230769226
21400356,IND vs LAL,IND,68,165,41.21212121212121
21400021,IND vs MEM,IND,65,140,46.42857142857143
21400246,PHX vs ORL,PHX,60,145,41.37931034482759
21400122,IND vs DEN,IND,59,142,41.54929577464789
21400037,UTA vs PHX,UTA,66,146,45.20547945205479
21400040,MIA vs TOR,MIA,59,121,48.760330578512395
21400676,DET vs CLE,DET,63,145,43.44827586206896
21400367,NYK vs DAL,NYK,73,158,46.20253164556962
21400361,POR vs SAS,POR,64,138,46.3768115942029
21400354,DEN vs SAS,DEN,63,147,42.857142857142854
21400129,OKC vs DET,OKC,67,157,42.675159235668794
21400101,CHI vs DET,CHI,63,140,45.0
21400582,GSW vs MIA,GSW,57,128,44.53125
21400654,MEM vs PHI,MEM,59,147,40.136054421768705
21400389,MEM vs CHI,MEM,63,148,42.567567567567565
21400437,NOP vs SAS,NOP,65,135,48.148148148148145
21400549,NYK vs CHA,NYK,59,127,46.45669291338583
21400445,WAS vs BOS,WAS,71,149,47.651006711409394
21400223,BOS vs CHI,BOS,69,161,42.857142857142854
21400253,CLE vs MIL,CLE,64,128,50.0
21400257,CHI vs DAL,CHI,84,184,45.65217391304348
21400863,HOU vs BKN,HOU,52,121,42.97520661157025
21400244,SAC vs MEM,SAC,63,137,45.98540145985402
21400555,HOU vs UTA,HOU,50,108,46.2962962962963
21400187,NYK vs PHI,NYK,50,102,49.01960784313725
21400319,ATL vs PHI,ATL,56,138,40.57971014492754
21400626,CLE vs UTA,CLE,65,134,48.507462686567166
21400242,BKN vs CHI,BKN,61,139,43.884892086330936
21400836,UTA vs SAS,UTA,59,143,41.25874125874126
21400298,DAL vs MIL,DAL,68,127,53.54330708661418
21400139,SAC vs SAS,SAC,71,165,43.03030303030303
21400104,MEM vs LAL,MEM,81,162,50.0
21400573,LAL vs MIA,LAL,49,147,33.33333333333333
21400679,GSW vs CHI,GSW,78,189,41.269841269841265
21400032,ATL vs IND,ATL,61,142,42.95774647887324
21400363,WAS vs MIN,WAS,75,158,47.46835443037975
21400717,NYK vs LAL,NYK,47,117,40.17094017094017
21400768,CHA vs IND,CHA,65,144,45.13888888888889
21400500,DEN vs MEM,DEN,66,130,50.76923076923077
21400538,IND vs BOS,IND,63,168,37.5
21400017,MIN vs DET,MIN,52,112,46.42857142857143
21400335,MIN vs OKC,MIN,70,147,47.61904761904761
21400013,PHX vs LAL,PHX,71,146,48.63013698630137
21400162,PHI vs BOS,PHI,61,134,45.52238805970149
21400061,DET vs NYK,DET,62,143,43.35664335664335
21400542,OKC vs UTA,OKC,54,124,43.54838709677419
21400783,CHA vs DET,CHA,42,110,38.18181818181819
21400243,DET vs GSW,DET,62,148,41.891891891891895
21400188,HOU vs DAL,HOU,53,145,36.55172413793103
21400020,LAC vs OKC,LAC,49,119,41.17647058823529
21400817,MIA vs NOP,MIA,54,125,43.2
21400891,CLE vs BOS,CLE,56,133,42.10526315789473
21400611,CHA vs MIN,CHA,58,148,39.189189189189186
21400478,HOU vs CHA,HOU,61,139,43.884892086330936
21400489,OKC vs WAS,OKC,68,146,46.57534246575342
21400407,MIN vs IND,MIN,78,160,48.75
21400658,CLE vs OKC,CLE,51,122,41.80327868852459
21400795,OKC vs MEM,OKC,48,127,37.79527559055118
21400132,WAS vs ORL,WAS,76,156,48.717948717948715
21400241,BOS vs SAS,BOS,70,157,44.5859872611465
21400782,DEN vs OKC,DEN,63,120,52.5
21400325,DEN vs MIA,DEN,56,139,40.28776978417266
21400704,PHX vs CHI,PHX,70,167,41.91616766467065
21400701,NOP vs LAC,NOP,61,141,43.262411347517734
21400028,CHA vs MEM,CHA,54,145,37.24137931034483
21400678,DAL vs MEM,DAL,69,134,51.49253731343284
21400362,LAC vs DET,LAC,64,131,48.854961832061065
21400436,MEM vs HOU,MEM,60,139,43.16546762589928
21400740,UTA vs MEM,UTA,64,141,45.39007092198582
21400374,TOR vs BKN,TOR,69,150,46.0
21400024,PHX vs SAS,PHX,62,149,41.61073825503356
21400399,LAC vs MIL,LAC,68,146,46.57534246575342
21400785,CHI vs SAC,CHI,73,145,50.3448275862069
21400483,MIN vs SAC,MIN,76,153,49.673202614379086
21400666,DEN vs WAS,DEN,84,184,45.65217391304348
21400885,PHI vs TOR,PHI,50,100,50.0
21400600,CHA vs IND,CHA,60,175,34.285714285714285
21400550,LAC vs DAL,LAC,79,155,50.967741935483865
21400165,DET vs PHX,DET,66,149,44.29530201342282
21400487,NYK vs DET,NYK,53,125,42.4
21400508,LAL vs IND,LAL,60,161,37.267080745341616
21400314,UTA vs SAS,UTA,72,148,48.64864864864865
21400358,ATL vs CHI,ATL,64,162,39.50617283950617
21400304,TOR vs DEN,TOR,83,180,46.111111111111114
21400119,TOR vs CHI,TOR,64,138,46.3768115942029
21400124,ATL vs MIA,ATL,71,140,50.71428571428571
21400343,ORL vs ATL,ORL,71,155,45.806451612903224
21400378,DEN vs HOU,DEN,72,173,41.61849710982659
21400265,BOS vs DET,BOS,63,165,38.18181818181819
21400285,MIL vs MIA,MIL,49,107,45.794392523364486
21400598,SAC vs MIA,SAC,62,136,45.588235294117645
21400134,TOR vs UTA,TOR,62,130,47.69230769230769
21400278,WAS vs DEN,WAS,72,155,46.45161290322581
21400833,NOP vs TOR,NOP,62,124,50.0
21400729,POR vs UTA,POR,66,141,46.808510638297875
21400779,MIN vs ATL,MIN,70,140,50.0
21400514,MIN vs DEN,MIN,83,167,49.700598802395206
21400572,SAC vs DAL,SAC,71,170,41.76470588235294
21400589,PHI vs NOP,PHI,56,126,44.44444444444444
21400269,MIL vs DAL,MIL,62,137,45.25547445255474
21400047,DEN vs SAC,DEN,61,157,38.853503184713375
21400552,PHI vs IND,PHI,55,149,36.91275167785235
21400301,IND vs ATL,IND,75,153,49.01960784313725
21400889,DAL vs NOP,DAL,58,121,47.93388429752066
21400644,MIA vs IND,MIA,57,137,41.605839416058394
21400105,MIL vs OKC,MIL,49,124,39.516129032258064
21400544,MIL vs MIN,MIL,61,132,46.21212121212121
21400381,SAC vs MIL,SAC,70,133,52.63157894736842
21400154,LAC vs CHI,LAC,69,147,46.93877551020408
21400519,LAC vs ATL,LAC,66,150,44.0
21400114,NOP vs LAL,NOP,71,146,48.63013698630137
21400448,BKN vs IND,BKN,62,142,43.66197183098591
21400079,PHX vs SAC,PHX,74,173,42.77456647398844
21400535,TOR vs CHA,TOR,74,169,43.786982248520715
21400823,DET vs WAS,DET,69,152,45.39473684210527
21400455,DAL vs OKC,DAL,69,145,47.58620689655172
21400462,MIA vs ORL,MIA,64,125,51.2
21400214,DAL vs NYK,DAL,56,135,41.48148148148148
21400564,BKN vs HOU,BKN,67,125,53.6
21400551,DET vs BKN,DET,65,147,44.21768707482993
21400607,SAC vs LAC,SAC,81,163,49.693251533742334
21400394,NOP vs POR,NOP,59,136,43.38235294117647
21400521,SAS vs DET,SAS,60,122,49.18032786885246
21400209,DEN vs CHI,DEN,70,149,46.97986577181208
21400482,CHI vs DEN,CHI,71,170,41.76470588235294
21400043,PHI vs HOU,PHI,41,87,47.12643678160919
21400720,BKN vs LAC,BKN,81,165,49.09090909090909
21400262,GSW vs ORL,GSW,74,160,46.25
21400054,NOP vs CHA,NOP,68,142,47.88732394366197
21400780,NOP vs UTA,NOP,54,132,40.909090909090914
21400169,HOU vs LAL,HOU,64,155,41.29032258064516
21400843,ATL vs DAL,ATL,64,144,44.44444444444444
21400128,NOP vs MIN,NOP,63,116,54.310344827586206
21400280,BKN vs ATL,BKN,57,135,42.22222222222222
21400359,TOR vs ORL,TOR,69,148,46.62162162162162
21400055,POR vs CLE,POR,51,123,41.46341463414634
21400856,IND vs CLE,IND,44,111,39.63963963963964
21400196,OKC vs GSW,OKC,58,162,35.80246913580247
21400868,LAL vs MIL,LAL,55,133,41.35338345864661
21400675,IND vs TOR,IND,56,124,45.16129032258064
21400705,IND vs SAC,IND,58,140,41.42857142857143
21400763,MIL vs BOS,MIL,61,133,45.86466165413533
21400076,DET vs MIL,DET,52,106,49.056603773584904
21400164,BKN vs MIL,BKN,75,169,44.37869822485207
21400892,ATL vs HOU,ATL,60,137,43.79562043795621
21400804,PHI vs IND,PHI,62,139,44.60431654676259
21400819,HOU vs TOR,HOU,38,109,34.862385321100916
21400222,LAL vs MEM,LAL,66,150,44.0
21400186,CLE vs TOR,CLE,51,123,41.46341463414634
21400093,TOR vs PHI,TOR,50,101,49.504950495049506
21400879,SAC vs POR,SAC,69,152,45.39473684210527
21400286,UTA vs ORL,UTA,64,134,47.76119402985074
21400566,CHI vs ORL,CHI,81,152,53.289473684210535
21400877,CHI vs LAC,CHI,63,165,38.18181818181819
21400008,TOR vs ATL,TOR,71,147,48.29931972789115
21400263,CHA vs CHI,CHA,69,158,43.67088607594937
21400594,DAL vs DEN,DAL,59,138,42.7536231884058
21400240,MIL vs HOU,MIL,57,115,49.56521739130435
21400646,DAL vs CHI,DAL,71,146,48.63013698630137
21400421,BKN vs DEN,BKN,70,156,44.871794871794876
21400884,DEN vs NOP,DEN,46,103,44.66019417475729
21400014,SAC vs GSW,SAC,54,147,36.734693877551024
21400408,OKC vs NOP,OKC,74,159,46.540880503144656
21400405,ORL vs PHI,ORL,67,151,44.370860927152314
21400125,BOS vs CLE,BOS,77,145,53.103448275862064
21400643,CLE vs CHA,CLE,67,146,45.89041095890411
21400176,MEM vs BOS,MEM,80,156,51.28205128205128
21400326,OKC vs CLE,OKC,54,129,41.86046511627907
21400226,DET vs MIL,DET,48,108,44.44444444444444
21400029,ORL vs TOR,ORL,54,131,41.221374045801525
21400587,IND vs DET,IND,60,149,40.26845637583892
21400777,MIA vs NYK,MIA,56,120,46.666666666666664
21400063,WAS vs IND,WAS,64,166,38.55421686746988
21400087,HOU vs GSW,HOU,59,152,38.81578947368421
21400567,IND vs MIN,IND,78,163,47.85276073619632
21400456,POR vs NYK,POR,58,149,38.92617449664429
21400730,SAC vs GSW,SAC,77,155,49.67741935483871
21400417,IND vs NOP,IND,65,147,44.21768707482993
21400161,ORL vs LAC,ORL,68,138,49.275362318840585
21400559,LAC vs MIA,LAC,60,133,45.11278195488722
21400372,DET vs DAL,DET,70,144,48.61111111111111
21400011,DEN vs DET,DEN,48,136,35.294117647058826
21400821,NYK vs CLE,NYK,45,103,43.689320388349515
21400688,NYK vs OKC,NYK,54,125,43.2
21400023,MIL vs PHI,MIL,50,113,44.24778761061947
21400829,LAL vs BOS,LAL,70,152,46.05263157894737
21400443,LAC vs TOR,LAC,75,162,46.2962962962963
21400788,ORL vs NYK,ORL,44,107,41.1214953271028
21400387,DET vs TOR,DET,70,156,44.871794871794876
21400854,CLE vs GSW,CLE,65,149,43.624161073825505
21400689,SAS vs CHA,SAS,66,153,43.13725490196079
21400135,CHI vs IND,CHI,59,136,43.38235294117647
21400072,ORL vs MIN,ORL,55,118,46.61016949152542
21400637,CHI vs SAS,CHI,55,125,44.0
21400526,ATL vs MEM,ATL,59,132,44.696969696969695
21400197,LAL vs DEN,LAL,66,172,38.372093023255815
21400003,LAL vs HOU,LAL,48,117,41.02564102564102
21400488,NOP vs HOU,NOP,64,130,49.23076923076923
21400340,DAL vs GSW,DAL,67,154,43.506493506493506
21400121,GSW vs BKN,GSW,80,178,44.9438202247191
21400725,PHX vs MEM,PHX,70,157,44.5859872611465
21400375,SAS vs MEM,SAS,85,194,43.81443298969072
21400307,LAC vs PHX,LAC,82,175,46.85714285714286
21400434,ATL vs MIL,ATL,60,130,46.15384615384615
21400369,CHA vs PHX,CHA,81,165,49.09090909090909
21400810,DAL vs HOU,DAL,60,141,42.5531914893617
21400289,CHI vs GSW,CHI,74,166,44.57831325301205
21400142,NYK vs DEN,NYK,59,131,45.038167938931295
21400178,OKC vs BKN,OKC,64,138,46.3768115942029
21400656,POR vs WAS,POR,66,148,44.5945945945946
21400894,MEM vs UTA,MEM,54,136,39.705882352941174
21400392,LAL vs OKC,LAL,78,167,46.706586826347305
21400529,DAL vs DET,DAL,74,165,44.84848484848485
21400420,ATL vs LAC,ATL,70,165,42.42424242424242
21400444,CHA vs ORL,CHA,73,165,44.24242424242424
21400469,NOP vs PHX,NOP,80,158,50.63291139240506
21400718,CLE vs PHI,CLE,55,135,40.74074074074074
21400618,NYK vs NOP,NYK,52,116,44.827586206896555
21400474,GSW vs PHI,GSW,58,126,46.03174603174603
21400097,LAL vs CHA,LAL,76,156,48.717948717948715
21400715,GSW vs PHX,GSW,68,166,40.963855421686745
21400597,UTA vs LAL,UTA,61,132,46.21212121212121
21400745,POR vs PHX,POR,61,151,40.397350993377486
21400213,PHI vs BKN,PHI,60,129,46.51162790697674
21400183,POR vs CHI,POR,52,116,44.827586206896555
21400019,DAL vs UTA,DAL,68,131,51.908396946564885
21400083,IND vs WAS,IND,66,146,45.20547945205479
21400486,BOS vs DAL,BOS,66,150,44.0
21400191,SAS vs BKN,SAS,72,159,45.28301886792453
21400313,PHX vs MIA,PHX,71,142,50.0
21400459,CHA vs MIL,CHA,70,166,42.168674698795186
21400904,OKC vs PHI,OKC,47,124,37.903225806451616
21400433,ORL vs CLE,ORL,60,136,44.11764705882353
21400547,GSW vs CLE,GSW,58,130,44.61538461538462
21400558,ATL vs WAS,ATL,76,156,48.717948717948715
21400067,SAC vs DEN,SAC,66,137,48.175182481751825
21400273,NYK vs CLE,NYK,56,128,43.75
21400113,NYK vs ORL,NYK,50,111,45.04504504504504
21400039,LAC vs SAC,LAC,67,152,44.07894736842105
21400038,GSW vs LAL,GSW,85,165,51.515151515151516
21400094,DAL vs MIA,DAL,64,139,46.043165467625904
21400743,CLE vs LAC,CLE,53,123,43.08943089430895
21400288,DET vs PHI,DET,58,142,40.845070422535215
21400409,CHA vs DEN,CHA,64,133,48.1203007518797
21400887,MIA vs PHX,MIA,51,122,41.80327868852459
21400212,ORL vs GSW,ORL,75,156,48.07692307692308
21400109,WAS vs DET,WAS,74,153,48.36601307189542
21400865,NOP vs MIA,NOP,49,101,48.51485148514851
21400806,DET vs CHI,DET,60,126,47.61904761904761
21400171,SAC vs CHI,SAC,70,143,48.95104895104895
21400118,MEM vs SAC,MEM,72,146,49.31506849315068
21400695,LAL vs CHI,LAL,85,190,44.73684210526316
21400344,MIL vs LAC,MIL,67,142,47.183098591549296
21400502,LAC vs PHI,LAC,63,130,48.46153846153846
21400276,CHA vs NYK,CHA,67,141,47.5177304964539
21400629,DET vs ORL,DET,88,169,52.071005917159766
21400463,HOU vs WAS,HOU,69,138,50.0
21400380,HOU vs NOP,HOU,61,143,42.65734265734265
21400042,POR vs GSW,POR,60,149,40.26845637583892
21400006,BOS vs BKN,BOS,80,154,51.94805194805194
21400168,DEN vs OKC,DEN,61,135,45.18518518518518
21400744,SAC vs DAL,SAC,66,162,40.74074074074074
21400230,IND vs ORL,IND,68,154,44.15584415584416
21400216,DET vs LAC,DET,59,123,47.96747967479675
21400393,NYK vs PHX,NYK,68,159,42.76729559748428
21400635,SAC vs BKN,SAC,72,154,46.75324675324675
21400848,MIN vs WAS,MIN,45,115,39.130434782608695
21400820,LAC vs SAC,LAC,61,153,39.869281045751634
21400300,LAL vs NOP,LAL,75,159,47.16981132075472
21400272,LAC vs ORL,LAC,66,127,51.96850393700787
21400908,LAC vs POR,LAC,64,163,39.263803680981596
21400497,HOU vs MIA,HOU,53,113,46.902654867256636
21400144,OKC vs HOU,OKC,33,115,28.695652173913043
21400267,MIA vs ATL,MIA,71,125,56.8
21400886,BKN vs GSW,BKN,78,162,48.148148148148145
21400287,SAC vs IND,SAC,69,170,40.588235294117645
21400560,MEM vs PHX,MEM,84,189,44.44444444444444
21400277,PHI vs OKC,PHI,63,141,44.680851063829785
21400798,POR vs LAL,POR,51,137,37.22627737226277
21400673,UTA vs BOS,UTA,60,138,43.47826086956522
21400811,MIL vs DEN,MIL,54,136,39.705882352941174
21400737,MIN vs MIA,MIN,44,97,45.36082474226804
21400642,ATL vs OKC,ATL,65,138,47.10144927536232
21400157,UTA vs OKC,UTA,55,139,39.568345323741006
21400133,CLE vs ATL,CLE,64,125,51.2
21400416,CLE vs MIN,CLE,72,149,48.322147651006716
21400332,BKN vs PHI,BKN,47,116,40.51724137931034
21400472,UTA vs MIN,UTA,71,144,49.30555555555556
21400352,OKC vs PHX,OKC,44,112,39.285714285714285
21400855,PHX vs OKC,PHX,77,178,43.258426966292134
21400876,UTA vs MIL,UTA,53,121,43.80165289256198
21400317,IND vs LAC,IND,77,177,43.50282485875706
21400311,NOP vs NYK,NOP,65,120,54.166666666666664
21400353,NYK vs TOR,NYK,65,154,42.2077922077922
21400563,BOS vs NOP,BOS,51,134,38.059701492537314
21400203,DAL vs IND,DAL,61,129,47.286821705426355
21400493,GSW vs TOR,GSW,79,159,49.685534591194966
21400866,DEN vs UTA,DEN,43,95,45.26315789473684
21400663,SAS vs MIL,SAS,64,149,42.95302013422819
21400674,LAC vs DEN,LAC,74,151,49.00662251655629
21400403,BKN vs DET,BKN,65,132,49.24242424242424
21400574,CHA vs SAS,CHA,60,146,41.0958904109589
21400837,LAC vs MEM,LAC,66,152,43.42105263157895
21400650,PHX vs HOU,PHX,70,147,47.61904761904761
21400449,MIL vs ATL,MIL,63,160,39.375
21400641,PHI vs TOR,PHI,59,141,41.843971631205676
21400071,CHA vs ATL,CHA,90,186,48.38709677419355
21400631,MIN vs DAL,MIN,56,129,43.41085271317829
21400058,PHI vs ORL,PHI,47,111,42.34234234234234
21400751,DET vs DEN,DET,57,137,41.605839416058394
21400826,OKC vs DEN,OKC,57,125,45.6
21400059,BOS vs TOR,BOS,65,129,50.3875968992248
21400426,LAL vs GSW,LAL,71,142,50.0
21400662,ORL vs IND,ORL,67,134,50.0
21400620,CLE vs CHI,CLE,63,154,40.909090909090914
21400110,ATL vs UTA,ATL,71,141,50.35460992907801
21400322,SAS vs NYK,SAS,57,116,49.137931034482754
21400442,SAC vs PHX,SAC,81,171,47.368421052631575
21400515,NOP vs WAS,NOP,68,143,47.55244755244755
21400685,HOU vs DAL,HOU,54,126,42.857142857142854
21400231,SAS vs SAC,SAS,75,150,50.0
21400120,DAL vs PHI,DAL,51,116,43.96551724137931
21400167,MIN vs NYK,MIN,56,114,49.122807017543856
21400672,OKC vs MIN,OKC,56,137,40.87591240875913
21400484,CHA vs CLE,CHA,54,145,37.24137931034483
21400494,LAL vs MEM,LAL,74,146,50.68493150684932
21400533,GSW vs IND,GSW,75,159,47.16981132075472
21400049,IND vs MIL,IND,59,132,44.696969696969695
21400147,CLE vs DEN,CLE,65,139,46.76258992805755
21400842,ORL vs MIA,ORL,51,128,39.84375
21400761,PHI vs CHA,PHI,56,148,37.83783783783784
21400275,GSW vs NOP,GSW,78,176,44.31818181818182
21400331,BOS vs NYK,BOS,71,155,45.806451612903224
21400793,MIN vs GSW,MIN,49,126,38.88888888888889
21400764,UTA vs SAC,UTA,71,153,46.40522875816993
21400736,MIL vs LAL,MIL,78,164,47.5609756097561
21400195,MIA vs CHA,MIA,69,138,50.0
21400296,MEM vs MIA,MEM,73,135,54.074074074074076
21400818,CHI vs PHX,CHI,75,155,48.38709677419355
21400652,CHA vs NYK,CHA,37,120,30.833333333333336
21400741,GSW vs DAL,GSW,86,181,47.51381215469613
21400899,BKN vs CHA,BKN,66,148,44.5945945945946
21400541,NOP vs MEM,NOP,66,148,44.5945945945946
21400802,LAC vs SAS,LAC,81,150,54.0
21400259,DEN vs POR,DEN,78,157,49.681528662420384
21400184,IND vs PHX,IND,53,134,39.55223880597015
21400599,LAC vs CLE,LAC,85,161,52.79503105590062
21400137,DAL vs MIN,DAL,69,132,52.27272727272727
21400274,POR vs IND,POR,66,166,39.75903614457831
21400531,MIN vs PHX,MIN,90,186,48.38709677419355
21400713,DEN vs CHA,DEN,64,143,44.75524475524475
21400669,NYK vs SAC,NYK,59,122,48.36065573770492
21400830,MIA vs PHI,MIA,64,127,50.39370078740157
21400593,OKC vs GSW,OKC,67,142,47.183098591549296
21400254,ATL vs BOS,ATL,83,156,53.205128205128204
21400867,SAC vs SAS,SAC,69,151,45.6953642384106
21400857,PHI vs WAS,PHI,45,127,35.43307086614173
21400733,BOS vs DEN,BOS,64,155,41.29032258064516
21400501,POR vs ATL,POR,79,167,47.30538922155689
21400258,NOP vs OKC,NOP,66,150,44.0
21400177,MIN vs SAS,MIN,72,145,49.6551724137931
21400716,BOS vs MIA,BOS,44,119,36.97478991596639
21400805,ATL vs TOR,ATL,58,156,37.17948717948718
21400457,DEN vs TOR,DEN,80,175,45.714285714285715
21400431,LAC vs GSW,LAC,60,156,38.46153846153847
21400690,UTA vs LAC,UTA,64,149,42.95302013422819
21400091,DET vs UTA,DET,57,138,41.30434782608695
21400106,DAL vs SAC,DAL,63,138,45.65217391304348
21400432,BOS vs BKN,BOS,79,153,51.633986928104584
21400092,OKC vs SAC,OKC,61,135,45.18518518518518
21400338,UTA vs MIA,UTA,57,116,49.137931034482754
21400536,NYK vs HOU,NYK,61,122,50.0
21400565,TOR vs DET,TOR,82,163,50.306748466257666
21400556,MIN vs SAS,MIN,54,128,42.1875
21400659,PHX vs LAC,PHX,74,155,47.74193548387097
21400571,UTA vs GSW,UTA,75,146,51.369863013698634
21400208,NOP vs SAC,NOP,65,141,46.09929078014184
21400608,TOR vs NOP,TOR,55,113,48.67256637168141
21400279,BOS vs LAL,BOS,77,160,48.125
21400714,SAS vs LAC,SAS,59,142,41.54929577464789
21400115,DEN vs POR,DEN,70,148,47.2972972972973
21400030,PHI vs MIA,PHI,54,113,47.78761061946903
21400772,TOR vs SAS,TOR,55,143,38.46153846153847
21400324,GSW vs HOU,GSW,72,160,45.0
21400632,NOP vs LAL,NOP,52,129,40.310077519379846
21400396,HOU vs ATL,HOU,66,149,44.29530201342282
21400824,IND vs GSW,IND,63,143,44.05594405594406
21400775,PHI vs GSW,PHI,5,21,23.809523809523807
21400143,MIA vs MIL,MIA,53,122,43.44262295081967
21400251,UTA vs DEN,UTA,67,146,45.89041095890411
21400315,LAL vs SAC,LAL,67,162,41.358024691358025
21400005,IND vs PHI,IND,45,111,40.54054054054054
21400418,ORL vs BOS,ORL,64,147,43.53741496598639
21400441,POR vs PHI,POR,57,126,45.23809523809524
21400146,CHA vs DAL,CHA,59,130,45.38461538461539
21400655,UTA vs BKN,UTA,63,125,50.4
21400069,HOU vs SAS,HOU,51,114,44.73684210526316
21400136,MEM vs DET,MEM,59,148,39.86486486486486
21400554,CHI vs MIL,CHI,68,163,41.717791411042946
21400348,NOP vs GSW,NOP,82,169,48.5207100591716
21400816,CHA vs OKC,CHA,74,165,44.84848484848485
21400527,BKN vs BOS,BKN,61,149,40.939597315436245
21400875,PHX vs SAS,PHX,53,141,37.5886524822695
21400130,PHX vs CHA,PHX,67,158,42.405063291139236
21400897,ORL vs PHX,ORL,66,132,50.0
21400693,MEM vs DEN,MEM,60,143,41.95804195804196
21400100,NYK vs ATL,NYK,51,127,40.15748031496063
21400096,POR vs DEN,POR,69,161,42.857142857142854
21400108,GSW vs SAS,GSW,83,158,52.53164556962025
21400333,TOR vs IND,TOR,69,164,42.073170731707314
21400907,GSW vs MIL,GSW,60,129,46.51162790697674
21400440,DEN vs MIN,DEN,78,193,40.41450777202073
21400762,DAL vs POR,DAL,73,184,39.67391304347826
21400075,BKN vs NYK,BKN,62,139,44.60431654676259
21400073,PHI vs CHI,PHI,52,105,49.523809523809526
21400755,OKC vs NOP,OKC,63,121,52.066115702479344
21400221,PHX vs DEN,PHX,81,169,47.928994082840234
21400364,BKN vs MIA,BKN,57,133,42.857142857142854
21400799,LAC vs HOU,LAC,55,129,42.63565891472868
21400205,WAS vs ATL,WAS,64,154,41.55844155844156
21400266,BKN vs SAS,BKN,73,191,38.21989528795812
21400086,CHI vs BOS,CHI,73,148,49.32432432432432
21400051,NYK vs WAS,NYK,56,128,43.75
21400419,WAS vs CHI,WAS,75,168,44.642857142857146
21400496,CHI vs BOS,CHI,71,175,40.57142857142857
21400723,OKC vs ORL,OKC,61,141,43.262411347517734
21400706,ORL vs DAL,ORL,68,135,50.37037037037037
21400595,SAS vs POR,SAS,64,139,46.043165467625904
21400252,LAC vs MIN,LAC,66,137,48.175182481751825
21400578,TOR vs PHI,TOR,59,147,40.136054421768705
21400553,TOR vs BOS,TOR,76,166,45.78313253012048
21400012,UTA vs HOU,UTA,64,128,50.0
21400770,ORL vs CHI,ORL,70,150,46.666666666666664
21400853,POR vs SAS,POR,68,150,45.33333333333333
21400453,CLE vs DET,CLE,61,146,41.78082191780822
21400199,CLE vs ORL,CLE,48,106,45.28301886792453
21400813,SAC vs BOS,SAC,74,160,46.25
21400671,NOP vs PHI,NOP,59,137,43.06569343065693
21400518,GSW vs OKC,GSW,57,140,40.714285714285715
21400342,IND vs POR,IND,68,172,39.53488372093023
21400193,MEM vs LAC,MEM,70,150,46.666666666666664
21400653,MIL vs DET,MIL,61,142,42.95774647887324
21400305,MIN vs GSW,MIN,65,155,41.935483870967744
21400471,DEN vs LAL,DEN,77,154,50.0
21400568,PHI vs ATL,PHI,57,116,49.137931034482754
21400351,MIN vs LAL,MIN,68,162,41.9753086419753
21400700,CLE vs SAC,CLE,57,139,41.007194244604314
21400290,HOU vs PHX,HOU,59,155,38.064516129032256
21400302,WAS vs BOS,WAS,95,186,51.075268817204304
21400633,WAS vs OKC,WAS,64,167,38.32335329341318
21400532,SAC vs OKC,SAC,55,149,36.91275167785235
21400677,MIA vs MIL,MIA,64,118,54.23728813559322
21400464,LAC vs UTA,LAC,71,163,43.558282208588956
21400107,POR vs CHA,POR,68,150,45.33333333333333
21400905,MIA vs LAL,MIA,56,128,43.75
21400562,LAL vs POR,LAL,68,153,44.44444444444444
21400545,SAS vs PHX,SAS,66,151,43.70860927152318
21400609,ORL vs OKC,ORL,64,137,46.715328467153284
21400634,PHX vs POR,PHX,75,155,48.38709677419355
21400708,ATL vs PHI,ATL,60,152,39.473684210526315
21400657,CHI vs MIA,CHI,63,161,39.130434782608695
21400832,HOU vs MIN,HOU,37,91,40.65934065934066
21400831,CHI vs MIL,CHI,46,133,34.58646616541353
21400256,NYK vs BKN,NYK,69,157,43.94904458598726
21400323,DAL vs NOP,DAL,77,154,50.0
21400479,CLE vs MIL,CLE,54,132,40.909090909090914
21400412,MEM vs UTA,MEM,61,134,45.52238805970149
21400667,LAL vs HOU,LAL,57,130,43.84615384615385
21400512,CHI vs HOU,CHI,75,160,46.875
21400181,DEN vs NOP,DEN,57,123,46.34146341463415
21400237,ATL vs CHA,ATL,50,118,42.3728813559322
21400754,MIN vs MEM,MIN,50,106,47.16981132075472
21400557,POR vs ORL,POR,56,137,40.87591240875913
21400345,PHI vs MEM,PHI,70,147,47.61904761904761
21400321,MIN vs POR,MIN,51,133,38.34586466165413
21400765,OKC vs LAC,OKC,54,122,44.26229508196721
21400447,CHI vs NOP,CHI,77,160,48.125
21400365,MEM vs GSW,MEM,79,178,44.38202247191011
21400534,LAC vs LAL,LAC,66,146,45.20547945205479
21400385,BOS vs MIN,BOS,85,168,50.595238095238095
21400696,PHI vs MIN,PHI,58,119,48.739495798319325
21400756,PHX vs UTA,PHX,69,147,46.93877551020408
21400414,SAS vs LAC,SAS,86,154,55.84415584415584
21400881,IND vs PHI,IND,38,107,35.51401869158878
21400070,POR vs DAL,POR,62,135,45.925925925925924
21400624,DEN vs SAS,DEN,66,142,46.478873239436616
21400722,NOP vs ATL,NOP,68,147,46.25850340136054
21400248,LAL vs TOR,LAL,91,198,45.95959595959596
21400475,BOS vs SAC,BOS,65,156,41.66666666666667
21400570,PHX vs CLE,PHX,63,134,47.01492537313433
21400320,CHI vs BKN,CHI,55,134,41.04477611940299
